[
    {
        "word": "idea",
        "phonetic": "/\u0251e\u02c8di\u0259\u032f/",
        "phonetics": [
            {
                "text": "/\u0251e\u02c8di\u0259\u032f/",
                "audio": ""
            },
            {
                "text": "/a\u026a\u02c8d\u026a\u0259/",
                "audio": ""
            },
            {
                "text": "/a\u026a\u02c8di.\u0259/",
                "audio": "https://api.dictionaryapi.dev/media/pronunciations/en/idea-us.mp3",
                "sourceUrl": "https://commons.wikimedia.org/w/index.php?curid=862207",
                "license": {
                    "name": "BY-SA 3.0",
                    "url": "https://creativecommons.org/licenses/by-sa/3.0"
                }
            }
        ],
        "meanings": [
            {
                "partOfSpeech": "noun",
                "definitions": [
                    {
                        "definition": "An abstract archetype of a given thing, compared to which real-life examples are seen as imperfect approximations; pure essence, as opposed to actual examples.",
                        "synonyms": [],
                        "antonyms": []
                    },
                    {
                        "definition": "The conception of someone or something as representing a perfect example; an ideal.",
                        "synonyms": [],
                        "antonyms": []
                    },
                    {
                        "definition": "The form or shape of something; a quintessential aspect or characteristic.",
                        "synonyms": [],
                        "antonyms": []
                    },
                    {
                        "definition": "An image of an object that is formed in the mind or recalled by the memory.",
                        "synonyms": [],
                        "antonyms": [],
                        "example": "The mere idea of you is enough to excite me."
                    },
                    {
                        "definition": "More generally, any result of mental activity; a thought, a notion; a way of thinking.",
                        "synonyms": [],
                        "antonyms": []
                    },
                    {
                        "definition": "A conception in the mind of something to be done; a plan for doing something, an intention.",
                        "synonyms": [],
                        "antonyms": [],
                        "example": "I have an idea of how we might escape."
                    },
                    {
                        "definition": "A purposeful aim or goal; intent",
                        "synonyms": [],
                        "antonyms": [],
                        "example": "Yeah, that's the idea."
                    },
                    {
                        "definition": "A vague or fanciful notion; a feeling or hunch; an impression.",
                        "synonyms": [],
                        "antonyms": [],
                        "example": "He had the wild idea that if he leant forward a little, he might be able to touch the mountain-top."
                    },
                    {
                        "definition": "A musical theme or melodic subject.",
                        "synonyms": [],
                        "antonyms": []
                    }
                ],
                "synonyms": [
                    "image"
                ],
                "antonyms": []
            }
        ],
        "license": {
            "name": "CC BY-SA 3.0",
            "url": "https://creativecommons.org/licenses/by-sa/3.0"
        },
        "sourceUrls": [
            "https://en.wiktionary.org/wiki/idea"
        ]
    }
]